LSOAcode,burglary_count,LAname,IMDscore,IMDrank,IMDdeci,incscore
E01004766,27,Bolton,30.687,7694,3,0.18
E01004767,33,Bolton,24.997,10776,4,0.134
E01004768,11,Bolton,7.028,28288,9,0.036
E01004769,10,Bolton,10.019,24505,8,0.043
E01004770,13,Bolton,11.437,22815,7,0.059
E01004771,21,Bolton,5.833,29639,10,0.034
E01004772,8,Bolton,34.074,6242,2,0.233
E01004773,25,Bolton,13.745,20211,7,0.098
E01004774,14,Bolton,31.354,7377,3,0.2
E01004775,30,Bolton,12.812,21251,7,0.05
E01004776,21,Bolton,22.479,12402,4,0.129
E01004777,13,Bolton,31.728,7187,3,0.185
E01004778,9,Bolton,8.945,25859,8,0.06
E01004779,10,Bolton,19.636,14679,5,0.131
E01004780,22,Bolton,9.426,25234,8,0.058
E01004781,32,Bolton,12.787,21281,7,0.081
E01004782,14,Bolton,24.964,10788,4,0.153
E01004783,11,Bolton,14.407,19530,6,0.082
E01004784,11,Bolton,8.416,26540,9,0.037
E01004785,18,Bolton,25.123,10688,4,0.151
E01004786,11,Bolton,13.546,20437,7,0.074
E01004787,23,Bolton,67.018,401,1,0.435
E01004788,14,Bolton,6.331,29064,9,0.036
E01004789,12,Bolton,8.413,26544,9,0.036
E01004790,19,Bolton,15.653,18283,6,0.074
E01004791,9,Bolton,9.547,25063,8,0.068
E01004792,13,Bolton,5.601,29903,10,0.027
E01004793,12,Bolton,50.299,2135,1,0.291
E01004794,15,Bolton,63.88,599,1,0.433
E01004795,23,Bolton,45.227,3014,1,0.231
E01004796,30,Bolton,29.999,8023,3,0.133
E01004797,11,Bolton,53.253,1684,1,0.315
E01004798,22,Bolton,38.934,4592,2,0.192
E01004799,5,Bolton,12.804,21263,7,0.075
E01004800,8,Bolton,14.858,19060,6,0.066
E01004801,15,Bolton,61.511,786,1,0.369
E01004802,13,Bolton,59.1,996,1,0.403
E01004803,17,Bolton,6.094,29345,9,0.036
E01004804,21,Bolton,4.181,31328,10,0.027
E01004805,6,Bolton,5.801,29671,10,0.045
E01004806,18,Bolton,7.755,27358,9,0.051
E01004807,6,Bolton,6.603,28777,9,0.041
E01004808,14,Bolton,4.565,30937,10,0.031
E01004809,19,Bolton,20.899,13632,5,0.123
E01004810,17,Bolton,7.551,27629,9,0.053
E01004811,44,Bolton,55.169,1441,1,0.316
E01004812,26,Bolton,44.707,3116,1,0.276
E01004813,24,Bolton,40.255,4195,2,0.273
E01004814,30,Bolton,43.679,3321,2,0.268
E01004815,28,Bolton,35.416,5745,2,0.208
E01004816,16,Bolton,30.94,7584,3,0.234
E01004817,93,Bolton,37.614,5003,2,0.211
E01004818,30,Bolton,53.115,1707,1,0.302
E01004819,17,Bolton,31.871,7130,3,0.182
E01004820,24,Bolton,63.537,624,1,0.386
E01004822,20,Bolton,62.134,737,1,0.419
E01004823,41,Bolton,76.792,65,1,0.475
E01004824,8,Bolton,42.687,3545,2,0.296
E01004825,17,Bolton,57.576,1158,1,0.359
E01004826,24,Bolton,53.87,1618,1,0.349
E01004827,34,Bolton,47.136,2635,1,0.289
E01004828,24,Bolton,45.163,3027,1,0.294
E01004829,22,Bolton,46.595,2738,1,0.338
E01004830,34,Bolton,47.672,2539,1,0.28
E01004831,18,Bolton,23.278,11862,4,0.12
E01004832,17,Bolton,27.567,9257,3,0.176
E01004833,27,Bolton,20.739,13742,5,0.089
E01004834,37,Bolton,30.676,7700,3,0.181
E01004835,25,Bolton,10.159,24299,8,0.063
E01004836,43,Bolton,13.804,20147,7,0.092
E01004837,23,Bolton,7.487,27707,9,0.042
E01004838,42,Bolton,40.755,4041,2,0.262
E01004839,44,Bolton,56.04,1348,1,0.356
E01004840,26,Bolton,21.516,13167,5,0.114
E01004841,8,Bolton,66.979,402,1,0.431
E01004842,19,Bolton,6.123,29313,9,0.04
E01004843,26,Bolton,7.239,28022,9,0.048
E01004844,25,Bolton,5.505,30022,10,0.024
E01004845,23,Bolton,11.855,22333,7,0.087
E01004846,9,Bolton,42.525,3589,2,0.276
E01004847,9,Bolton,42.042,3709,2,0.316
E01004848,57,Bolton,59.211,986,1,0.341
E01004849,11,Bolton,42.457,3604,2,0.328
E01004850,19,Bolton,57.855,1127,1,0.369
E01004851,12,Bolton,51.383,1972,1,0.364
E01004852,14,Bolton,43.13,3444,2,0.335
E01004853,6,Bolton,45.554,2949,1,0.336
E01004854,3,Bolton,32.073,7060,3,0.236
E01004855,26,Bolton,43.537,3350,2,0.245
E01004856,22,Bolton,54.775,1493,1,0.305
E01004857,32,Bolton,49.611,2244,1,0.303
E01004858,17,Bolton,43.23,3418,2,0.262
E01004859,81,Bolton,60.687,859,1,0.329
E01004860,40,Bolton,35.787,5612,2,0.186
E01004861,23,Bolton,57.311,1178,1,0.351
E01004862,9,Bolton,57.959,1116,1,0.329
E01004863,26,Bolton,60.821,849,1,0.359
E01004864,11,Bolton,21.299,13319,5,0.109
E01004865,36,Bolton,41.613,3838,2,0.253
E01004866,29,Bolton,62.337,718,1,0.381
E01004867,35,Bolton,39.655,4367,2,0.195
E01004868,20,Bolton,43.185,3431,2,0.29
E01004869,39,Bolton,60.628,862,1,0.346
E01004870,58,Bolton,51.523,1948,1,0.278
E01004871,21,Bolton,42.158,3674,2,0.264
E01004872,18,Bolton,35.848,5593,2,0.201
E01004873,26,Bolton,42.562,3578,2,0.272
E01004874,16,Bolton,30.384,7849,3,0.198
E01004875,18,Bolton,28.832,8584,3,0.147
E01004876,21,Bolton,46.229,2814,1,0.3
E01004877,13,Bolton,59.061,1001,1,0.415
E01004878,18,Bolton,29.933,8053,3,0.167
E01004879,7,Bolton,47.196,2619,1,0.356
E01004880,21,Bolton,15.865,18066,6,0.091
E01004881,14,Bolton,42.253,3659,2,0.235
E01004882,11,Bolton,19.433,14877,5,0.093
E01004883,12,Bolton,19.871,14458,5,0.102
E01004884,15,Bolton,7.196,28068,9,0.032
E01004885,11,Bolton,4.689,30818,10,0.019
E01004886,21,Bolton,37.946,4888,2,0.224
E01004887,10,Bolton,34.864,5940,2,0.206
E01004888,2,Bolton,19.665,14655,5,0.126
E01004889,5,Bolton,30.292,7892,3,0.189
E01004890,21,Bolton,22.643,12290,4,0.098
E01004891,9,Bolton,11.798,22406,7,0.067
E01004892,29,Bolton,12.298,21836,7,0.051
E01004893,9,Bolton,6.014,29453,9,0.04
E01004894,15,Bolton,18.327,15843,5,0.105
E01004895,8,Bolton,34.501,6061,2,0.214
E01004896,9,Bolton,12.047,22119,7,0.052
E01004897,13,Bolton,10.536,23847,8,0.047
E01004899,15,Bolton,20.617,13838,5,0.112
E01004900,29,Bolton,14.85,19070,6,0.106
E01004901,21,Bolton,4.315,31202,10,0.033
E01004902,42,Bolton,35.797,5610,2,0.207
E01004903,10,Bolton,9.335,25338,8,0.046
E01004904,10,Bolton,14.081,19876,7,0.083
E01004905,11,Bolton,29.39,8306,3,0.179
E01004906,22,Bolton,39.929,4282,2,0.206
E01004907,4,Bolton,37.698,4971,2,0.228
E01004908,6,Bolton,19.758,14576,5,0.118
E01004909,6,Bolton,32.109,7048,3,0.162
E01004910,10,Bolton,15.226,18706,6,0.087
E01004911,18,Bolton,39.261,4496,2,0.219
E01004912,19,Bolton,16.1,17848,6,0.095
E01004913,15,Bolton,22.316,12524,4,0.125
E01004914,11,Bolton,13.381,20644,7,0.072
E01004915,11,Bolton,12.187,21956,7,0.043
E01004916,12,Bolton,29.677,8173,3,0.181
E01004917,26,Bolton,27.178,9485,3,0.15
E01004918,14,Bolton,9.518,25097,8,0.053
E01004919,29,Bolton,14.269,19669,6,0.075
E01004920,13,Bolton,25.922,10239,4,0.166
E01004921,31,Bolton,27.321,9399,3,0.139
E01004922,24,Bolton,37.134,5170,2,0.249
E01004923,10,Bolton,25.352,10539,4,0.139
E01004924,14,Bolton,6.558,28827,9,0.041
E01004925,17,Bolton,16.821,17161,6,0.086
E01004926,8,Bolton,56.642,1265,1,0.351
E01004927,24,Bolton,52.253,1837,1,0.318
E01004928,28,Bolton,47.883,2502,1,0.261
E01004929,19,Bolton,36.343,5417,2,0.213
E01004930,6,Bolton,17.017,16971,6,0.086
E01004931,23,Bolton,36.979,5220,2,0.232
E01004932,24,Bolton,32.56,6855,3,0.174
E01004933,8,Bolton,12.306,21823,7,0.082
E01004934,10,Bolton,20.624,13828,5,0.148
E01004935,11,Bolton,10.85,23495,8,0.066
E01004936,18,Bolton,17.766,16344,5,0.092
E01004937,6,Bolton,8.353,26625,9,0.05
E01004938,8,Bolton,40.877,4009,2,0.268
E01004939,11,Bolton,28.274,8892,3,0.187
E01004940,5,Bolton,13.973,19984,7,0.087
E01004941,7,Bury,28.99,8496,3,0.201
E01004942,12,Bury,50.761,2065,1,0.372
E01004943,7,Bury,23.615,11619,4,0.17
E01004944,4,Bury,8.694,26177,8,0.05
E01004945,5,Bury,14.328,19609,6,0.084
E01004946,5,Bury,54.905,1478,1,0.333
E01004947,11,Bury,32.397,6923,3,0.191
E01004948,23,Bury,47.351,2599,1,0.24
E01004949,5,Bury,4.285,31233,10,0.029
E01004950,7,Bury,4.94,30560,10,0.035
E01004951,7,Bury,5.539,29980,10,0.044
E01004952,14,Bury,5.778,29702,10,0.035
E01004953,11,Bury,9.385,25281,8,0.059
E01004954,19,Bury,21.963,12804,4,0.122
E01004955,21,Bury,32.209,7001,3,0.181
E01004956,51,Bury,41.879,3760,2,0.233
E01004957,39,Bury,62.147,734,1,0.367
E01004958,42,Bury,51.844,1891,1,0.29
E01004959,26,Bury,41.704,3809,2,0.239
E01004960,31,Bury,77.703,50,1,0.545
E01004961,14,Bury,24.875,10840,4,0.167
E01004962,14,Bury,17.153,16859,6,0.092
E01004963,4,Bury,15.039,18890,6,0.102
E01004964,15,Bury,27.913,9090,3,0.132
E01004965,12,Bury,6.982,28350,9,0.045
E01004966,18,Bury,34.44,6086,2,0.252
E01004967,4,Bury,5.533,29986,10,0.039
E01004968,6,Bury,7.727,27393,9,0.044
E01004969,18,Bury,41.068,3957,2,0.161
E01004970,11,Bury,11.264,23035,8,0.08
E01004971,4,Bury,9.157,25593,8,0.056
E01004972,4,Bury,33.846,6326,2,0.257
E01004973,21,Bury,15.423,18526,6,0.096
E01004974,20,Bury,13.279,20755,7,0.088
E01004975,6,Bury,20.728,13751,5,0.142
E01004976,13,Bury,34.945,5905,2,0.211
E01004977,19,Bury,20.754,13725,5,0.115
E01004978,14,Bury,28.011,9027,3,0.166
E01004979,21,Bury,57.33,1177,1,0.336
E01004980,24,Bury,42.216,3666,2,0.258
E01004981,30,Bury,19.95,14392,5,0.093
E01004982,18,Bury,11.245,23062,8,0.061
E01004983,11,Bury,21.365,13258,5,0.145
E01004984,6,Bury,8.976,25822,8,0.088
E01004985,9,Bury,8.311,26680,9,0.041
E01004986,15,Bury,23.851,11465,4,0.154
E01004987,17,Bury,57.188,1200,1,0.342
E01004988,7,Bury,20.437,13985,5,0.126
E01004989,19,Bury,8.384,26575,9,0.061
E01004990,13,Bury,34.875,5936,2,0.201
E01004991,30,Bury,24.412,11118,4,0.136
E01004992,18,Bury,30.901,7603,3,0.174
E01004993,15,Bury,29.223,8388,3,0.222
E01004994,17,Bury,38.742,4650,2,0.243
E01004995,8,Bury,12.469,21647,7,0.07
E01004996,18,Bury,52.843,1742,1,0.286
E01004997,33,Bury,21.44,13218,5,0.116
E01004998,17,Bury,17.412,16622,6,0.077
E01004999,8,Bury,15.648,18295,6,0.087
E01005000,26,Bury,9.592,25015,8,0.051
E01005001,13,Bury,9.49,25137,8,0.054
E01005002,10,Bury,17.908,16208,5,0.099
E01005003,10,Bury,36.88,5241,2,0.243
E01005004,21,Bury,67.478,372,1,0.39
E01005005,12,Bury,12.311,21819,7,0.07
E01005006,17,Bury,21.673,13017,4,0.134
E01005007,18,Bury,14.866,19047,6,0.086
E01005008,43,Bury,43.658,3325,2,0.279
E01005009,42,Bury,50.411,2114,1,0.291
E01005010,20,Bury,15.958,17989,6,0.071
E01005011,9,Bury,10.777,23568,8,0.053
E01005012,26,Bury,27.847,9123,3,0.199
E01005013,23,Bury,30.751,7674,3,0.214
E01005014,40,Bury,14.149,19788,7,0.078
E01005015,28,Bury,28.562,8727,3,0.209
E01005016,20,Bury,11.885,22300,7,0.058
E01005017,27,Bury,10.295,24144,8,0.063
E01005018,7,Bury,17.753,16356,5,0.104
E01005019,20,Bury,7.566,27609,9,0.048
E01005020,3,Bury,4.105,31406,10,0.023
E01005021,5,Bury,5.195,30328,10,0.035
E01005022,27,Bury,5.918,29555,9,0.037
E01005023,9,Bury,12.045,22122,7,0.083
E01005024,58,Bury,57.192,1199,1,0.316
E01005025,27,Bury,24.881,10836,4,0.151
E01005026,7,Bury,32.392,6925,3,0.198
E01005027,64,Bury,37.833,4929,2,0.224
E01005028,16,Bury,40.335,4173,2,0.258
E01005029,16,Bury,26.027,10181,4,0.153
E01005030,28,Bury,42.818,3520,2,0.267
E01005031,9,Bury,31.323,7390,3,0.219
E01005032,11,Bury,42.618,3560,2,0.262
E01005033,17,Bury,13.788,20168,7,0.073
E01005034,14,Bury,29.942,8050,3,0.15
E01005035,17,Bury,23.32,11837,4,0.093
E01005036,35,Bury,27.201,9470,3,0.183
E01005037,21,Bury,16.044,17903,6,0.088
E01005038,11,Bury,8.255,26753,9,0.046
E01005039,9,Bury,33.07,6638,3,0.235
E01005040,22,Bury,18.126,16031,5,0.123
E01005041,19,Bury,14.248,19693,6,0.114
E01005042,12,Bury,13.663,20305,7,0.092
E01005043,7,Bury,10.469,23916,8,0.067
E01005044,13,Bury,17.869,16252,5,0.082
E01005045,17,Bury,22.11,12690,4,0.146
E01005046,19,Bury,4.497,31017,10,0.036
E01005047,14,Bury,8.568,26337,9,0.035
E01005048,20,Bury,2.58,32455,10,0.02
E01005049,15,Bury,8.658,26224,8,0.065
E01005050,11,Bury,9.274,25423,8,0.073
E01005051,2,Bury,11.842,22352,7,0.083
E01005052,3,Bury,6.987,28342,9,0.038
E01005053,6,Bury,16.402,17560,6,0.092
E01005054,16,Bury,15.35,18590,6,0.095
E01005055,8,Bury,7.881,27211,9,0.061
E01005056,12,Bury,12.381,21738,7,0.071
E01005057,6,Bury,14.699,19232,6,0.114
E01005058,7,Bury,10.345,24086,8,0.056
E01005059,34,Bury,27.703,9198,3,0.178
E01005060,20,Bury,16.51,17457,6,0.106
E01005061,27,Manchester,62.256,724,1,0.451
E01005062,34,Manchester,23.458,11725,4,0.11
E01005063,6,Manchester,58.123,1101,1,0.362
E01005065,44,Manchester,51.244,1994,1,0.303
E01005066,16,Manchester,37.187,5152,2,0.204
E01005067,35,Manchester,70.425,263,1,0.363
E01005068,11,Manchester,53.113,1708,1,0.296
E01005069,14,Manchester,16.903,17074,6,0.08
E01005070,21,Manchester,49.364,2275,1,0.296
E01005071,8,Manchester,43.263,3410,2,0.245
E01005072,11,Manchester,42.407,3619,2,0.239
E01005073,25,Manchester,25.953,10218,4,0.117
E01005074,13,Manchester,52.718,1764,1,0.327
E01005075,14,Manchester,45.574,2944,1,0.264
E01005076,18,Manchester,20.263,14112,5,0.074
E01005077,32,Manchester,57.607,1154,1,0.368
E01005078,29,Manchester,14.393,19549,6,0.06
E01005079,25,Manchester,31.459,7315,3,0.167
E01005081,15,Manchester,54.226,1557,1,0.32
E01005082,22,Manchester,45.191,3023,1,0.269
E01005083,19,Manchester,14.126,19819,7,0.058
E01005084,20,Manchester,26.239,10022,4,0.171
E01005085,9,Manchester,55.84,1370,1,0.342
E01005086,26,Manchester,66.007,463,1,0.377
E01005087,14,Manchester,62.278,722,1,0.37
E01005088,11,Manchester,72.174,189,1,0.442
E01005089,16,Manchester,68.892,312,1,0.404
E01005090,22,Manchester,73.349,142,1,0.428
E01005091,20,Manchester,50.476,2104,1,0.315
E01005092,73,Manchester,63.131,653,1,0.357
E01005093,25,Manchester,61.183,821,1,0.355
E01005094,46,Manchester,61.288,808,1,0.342
E01005097,15,Manchester,64.268,572,1,0.409
E01005098,15,Manchester,56.791,1245,1,0.318
E01005099,22,Manchester,65.054,514,1,0.398
E01005100,8,Manchester,41.788,3788,2,0.266
E01005101,13,Manchester,52.25,1838,1,0.29
E01005102,19,Manchester,32.183,7009,3,0.169
E01005103,14,Manchester,58.472,1065,1,0.369
E01005104,13,Manchester,46.046,2842,1,0.281
E01005105,53,Manchester,38.129,4832,2,0.233
E01005106,41,Manchester,52.538,1799,1,0.324
E01005107,13,Manchester,59.049,1003,1,0.317
E01005108,34,Manchester,54.018,1593,1,0.347
E01005111,8,Manchester,35.758,5619,2,0.208
E01005112,8,Manchester,44.626,3130,1,0.259
E01005113,16,Manchester,57.644,1148,1,0.299
E01005114,11,Manchester,17.23,16790,6,0.096
E01005115,14,Manchester,31.636,7234,3,0.186
E01005116,25,Manchester,28.085,8987,3,0.162
E01005117,19,Manchester,56.446,1293,1,0.315
E01005118,25,Manchester,27.777,9160,3,0.129
E01005119,16,Manchester,47.863,2505,1,0.264
E01005120,40,Manchester,28.95,8514,3,0.178
E01005121,13,Manchester,50.859,2046,1,0.296
E01005122,29,Manchester,42.493,3597,2,0.287
E01005123,38,Manchester,56.6,1270,1,0.32
E01005124,21,Manchester,47.399,2592,1,0.295
E01005125,27,Manchester,41.816,3777,2,0.271
E01005126,25,Manchester,24.248,11219,4,0.155
E01005128,44,Manchester,27.842,9126,3,0.009
E01005129,15,Manchester,60.047,919,1,0.339
E01005130,15,Manchester,68.324,335,1,0.375
E01005132,25,Manchester,67.227,385,1,0.355
E01005133,30,Manchester,65.609,487,1,0.337
E01005135,15,Manchester,56.359,1305,1,0.361
E01005136,10,Manchester,44.513,3159,1,0.216
E01005138,29,Manchester,73.414,140,1,0.416
E01005139,12,Manchester,32.161,7020,3,0.185
E01005140,40,Manchester,38.971,4578,2,0.213
E01005141,20,Manchester,71.241,223,1,0.388
E01005142,25,Manchester,67.29,381,1,0.442
E01005143,17,Manchester,44.631,3128,1,0.319
E01005145,16,Manchester,33.365,6521,2,0.247
E01005146,25,Manchester,38.102,4841,2,0.221
E01005147,26,Manchester,49.26,2288,1,0.329
E01005149,16,Manchester,30.785,7656,3,0.229
E01005150,25,Manchester,26.297,9992,4,0.102
E01005151,10,Manchester,22.144,12663,4,0.123
E01005152,20,Manchester,12.086,22064,7,0.047
E01005153,15,Manchester,19.119,15142,5,0.094
E01005154,24,Manchester,17.125,16876,6,0.059
E01005155,16,Manchester,9.583,25023,8,0.04
E01005156,17,Manchester,14.553,19392,6,0.034
E01005157,10,Manchester,8.147,26894,9,0.034
E01005158,18,Manchester,33.122,6619,3,0.179
E01005159,17,Manchester,15.003,18913,6,0.079
E01005160,30,Manchester,33.376,6518,2,0.17
E01005161,9,Manchester,29.328,8341,3,0.19
E01005162,12,Manchester,31.554,7262,3,0.195
E01005163,42,Manchester,35.442,5738,2,0.204
E01005164,16,Manchester,47.147,2631,1,0.283
E01005165,50,Manchester,54.283,1550,1,0.298
E01005166,34,Manchester,52.348,1825,1,0.308
E01005167,35,Manchester,44.468,3171,1,0.261
E01005168,30,Manchester,18.905,15323,5,0.07
E01005169,20,Manchester,10.281,24162,8,0.042
E01005170,30,Manchester,12.246,21889,7,0.075
E01005171,25,Manchester,30.61,7736,3,0.101
E01005172,35,Manchester,16.295,17660,6,0.068
E01005173,34,Manchester,11.65,22586,7,0.045
E01005174,43,Manchester,9.246,25466,8,0.03
E01005175,26,Manchester,20.506,13928,5,0.092
E01005176,57,Manchester,16.205,17748,6,0.066
E01005177,41,Manchester,14.628,19308,6,0.064
E01005178,28,Manchester,38.937,4589,2,0.232
E01005179,25,Manchester,29.603,8197,3,0.158
E01005180,31,Manchester,52.266,1835,1,0.291
E01005181,16,Manchester,28.985,8502,3,0.194
E01005182,14,Manchester,39.421,4451,2,0.273
E01005183,24,Manchester,53.878,1617,1,0.349
E01005184,73,Manchester,23.871,11452,4,0.108
E01005185,48,Manchester,23.364,11792,4,0.023
E01005186,36,Manchester,51.482,1954,1,0.29
E01005187,37,Manchester,49.127,2302,1,0.312
E01005188,30,Manchester,42.431,3610,2,0.224
E01005189,44,Manchester,66.578,429,1,0.369
E01005190,61,Manchester,48.8,2356,1,0.26
E01005191,40,Manchester,54.735,1499,1,0.313
E01005192,46,Manchester,44.788,3101,1,0.241
E01005193,19,Manchester,38.916,4600,2,0.195
E01005194,27,Manchester,46.404,2778,1,0.291
E01005195,42,Manchester,59.023,1009,1,0.352
E01005196,26,Manchester,45.653,2919,1,0.285
E01005197,44,Manchester,61.165,822,1,0.345
E01005198,31,Manchester,51.9,1889,1,0.311
E01005199,12,Manchester,38.657,4679,2,0.236
E01005200,29,Manchester,39.75,4338,2,0.205
E01005201,74,Manchester,54.271,1552,1,0.349
E01005202,42,Manchester,77.768,49,1,0.473
E01005203,32,Manchester,75.035,100,1,0.444
E01005205,40,Manchester,68.922,311,1,0.394
E01005206,13,Manchester,41.67,3822,2,0.204
E01005207,22,Manchester,42.353,3633,2,0.267
E01005208,38,Manchester,22.867,12142,4,0.111
E01005209,44,Manchester,36.387,5401,2,0.166
E01005210,18,Manchester,28.539,8745,3,0.114
E01005212,29,Manchester,28.495,8768,3,0.153
E01005213,37,Manchester,56.778,1247,1,0.344
E01005214,47,Manchester,22.629,12301,4,0.122
E01005215,25,Manchester,28.715,8642,3,0.193
E01005216,17,Manchester,27.632,9230,3,0.133
E01005217,36,Manchester,23.206,11929,4,0.141
E01005218,29,Manchester,29.214,8394,3,0.159
E01005219,33,Manchester,45.909,2867,1,0.23
E01005220,21,Manchester,41.89,3755,2,0.206
E01005221,36,Manchester,36.122,5487,2,0.18
E01005222,30,Manchester,42.895,3498,2,0.256
E01005223,50,Manchester,43.913,3272,1,0.257
E01005224,54,Manchester,41.966,3736,2,0.246
E01005225,32,Manchester,52.35,1824,1,0.301
E01005226,27,Manchester,44.843,3085,1,0.273
E01005227,39,Manchester,57.597,1155,1,0.321
E01005228,28,Manchester,69.965,278,1,0.398
E01005229,8,Manchester,19.807,14521,5,0.097
E01005230,71,Manchester,46.806,2693,1,0.239
E01005231,105,Manchester,23.273,11869,4,0.085
E01005232,30,Manchester,44.073,3239,1,0.289
E01005233,19,Manchester,42.049,3706,2,0.274
E01005234,31,Manchester,46.204,2821,1,0.288
E01005235,35,Manchester,52.631,1779,1,0.316
E01005236,84,Manchester,43.953,3265,1,0.239
E01005237,13,Manchester,40.543,4095,2,0.249
E01005238,16,Manchester,41.445,3868,2,0.257
E01005239,31,Manchester,58.28,1086,1,0.387
E01005240,27,Manchester,49.761,2216,1,0.343
E01005241,49,Manchester,30.344,7872,3,0.177
E01005242,14,Manchester,46.624,2730,1,0.343
E01005243,28,Manchester,52.565,1792,1,0.376
E01005244,46,Manchester,29.599,8203,3,0.158
E01005245,21,Manchester,56.313,1308,1,0.419
E01005246,13,Manchester,60.487,876,1,0.478
E01005247,8,Manchester,24.667,10970,4,0.134
E01005248,15,Manchester,22.542,12360,4,0.107
E01005249,24,Manchester,31.737,7182,3,0.166
E01005250,21,Manchester,43.227,3419,2,0.265
E01005251,22,Manchester,47.119,2639,1,0.302
E01005252,15,Manchester,53.284,1681,1,0.31
E01005253,4,Manchester,53.968,1601,1,0.322
E01005254,20,Manchester,22.153,12660,4,0.115
E01005255,18,Manchester,72.236,183,1,0.411
E01005256,53,Manchester,57.118,1207,1,0.323
E01005257,48,Manchester,71.224,224,1,0.402
E01005258,12,Manchester,49.631,2237,1,0.279
E01005259,34,Manchester,72.603,169,1,0.424
E01005260,21,Manchester,33.608,6416,2,0.147
E01005261,15,Manchester,71.336,219,1,0.411
E01005262,23,Manchester,34.435,6090,2,0.206
E01005263,35,Manchester,40.299,4181,2,0.211
E01005264,24,Manchester,50.122,2158,1,0.285
E01005265,10,Manchester,44.246,3217,1,0.284
E01005266,12,Manchester,49.262,2287,1,0.27
E01005267,30,Manchester,28.174,8934,3,0.109
E01005268,36,Manchester,21.139,13449,5,0.1
E01005269,21,Manchester,20.252,14125,5,0.094
E01005270,25,Manchester,47.817,2511,1,0.296
E01005271,65,Manchester,26.883,9660,3,0.098
E01005272,36,Manchester,52.608,1783,1,0.307
E01005273,35,Manchester,31.094,7500,3,0.115
E01005274,50,Manchester,40.466,4123,2,0.212
E01005275,28,Manchester,17.22,16803,6,0.073
E01005276,33,Manchester,23.694,11580,4,0.078
E01005277,41,Manchester,9.015,25774,8,0.047
E01005278,21,Manchester,26.922,9632,3,0.142
E01005279,30,Manchester,39.541,4402,2,0.267
E01005280,19,Manchester,41.149,3933,2,0.296
E01005281,18,Manchester,22.725,12237,4,0.084
E01005282,22,Manchester,33.714,6368,2,0.2
E01005283,45,Manchester,17.005,16988,6,0.049
E01005284,74,Manchester,28.566,8725,3,0.058
E01005285,26,Manchester,60.211,903,1,0.36
E01005286,72,Manchester,29.326,8342,3,0.11
E01005287,14,Manchester,56.472,1288,1,0.344
E01005288,55,Manchester,45.133,3032,1,0.249
E01005289,14,Manchester,64.222,576,1,0.366
E01005290,16,Manchester,56.023,1351,1,0.29
E01005291,17,Manchester,61.348,799,1,0.338
E01005292,5,Manchester,56.613,1268,1,0.313
E01005293,9,Manchester,25.112,10694,4,0.107
E01005294,23,Manchester,27.375,9359,3,0.117
E01005295,26,Manchester,23.014,12039,4,0.135
E01005296,11,Manchester,20.304,14078,5,0.126
E01005297,24,Manchester,32.624,6827,3,0.224
E01005298,11,Manchester,24.837,10866,4,0.2
E01005299,11,Manchester,22.974,12075,4,0.16
E01005300,15,Manchester,24.591,11014,4,0.143
E01005301,16,Manchester,21.181,13417,5,0.103
E01005302,17,Manchester,31.722,7192,3,0.185
E01005304,32,Manchester,21.292,13325,5,0.086
E01005305,43,Manchester,19.466,14853,5,0.101
E01005306,27,Manchester,14.988,18925,6,0.056
E01005307,59,Manchester,14.713,19215,6,0.066
E01005308,28,Manchester,35.632,5664,2,0.204
E01005309,58,Manchester,26.698,9763,3,0.063
E01005310,47,Manchester,32.665,6808,3,0.155
E01005311,77,Manchester,22.405,12456,4,0.117
E01005312,86,Manchester,28,9032,3,0.106
E01005313,7,Manchester,53.604,1655,1,0.303
E01005314,10,Manchester,50.019,2173,1,0.292
E01005315,7,Manchester,53.027,1722,1,0.295
E01005316,29,Manchester,32.552,6861,3,0.18
E01005317,19,Manchester,47.513,2567,1,0.265
E01005318,8,Manchester,42.525,3590,2,0.229
E01005319,10,Manchester,45.47,2978,1,0.26
E01005320,21,Oldham,45.732,2902,1,0.266
E01005321,17,Oldham,57.157,1202,1,0.298
E01005322,16,Oldham,72.124,191,1,0.388
E01005323,8,Oldham,40.988,3979,2,0.238
E01005324,13,Oldham,50.41,2116,1,0.279
E01005325,25,Oldham,66.915,407,1,0.392
E01005326,11,Oldham,34.328,6132,2,0.214
E01005327,21,Oldham,23.135,11968,4,0.138
E01005328,28,Oldham,51.362,1977,1,0.281
E01005329,9,Oldham,10.621,23750,8,0.064
E01005330,23,Oldham,11.319,22966,7,0.046
E01005331,13,Oldham,27.959,9054,3,0.182
E01005332,30,Oldham,30.48,7799,3,0.174
E01005333,12,Oldham,8.342,26647,9,0.058
E01005334,12,Oldham,7.148,28131,9,0.033
E01005335,9,Oldham,10.233,24226,8,0.047
E01005336,11,Oldham,9.47,25169,8,0.045
E01005337,11,Oldham,39.347,4470,2,0.255
E01005338,45,Oldham,45.013,3057,1,0.272
E01005339,12,Oldham,10.671,23688,8,0.028
E01005340,23,Oldham,44.716,3113,1,0.251
E01005341,9,Oldham,27.055,9556,3,0.13
E01005342,16,Oldham,49.776,2215,1,0.261
E01005343,6,Oldham,39.165,4518,2,0.218
E01005344,14,Oldham,44.628,3129,1,0.248
E01005345,13,Oldham,16.53,17439,6,0.08
E01005346,25,Oldham,23.368,11788,4,0.107
E01005347,12,Oldham,21.506,13170,5,0.1
E01005348,17,Oldham,50.909,2037,1,0.351
E01005349,12,Oldham,46.541,2746,1,0.321
E01005350,54,Oldham,75.624,86,1,0.532
E01005351,14,Oldham,41.961,3737,2,0.304
E01005352,14,Oldham,54.646,1509,1,0.363
E01005353,34,Oldham,64.361,568,1,0.398
E01005354,17,Oldham,35.423,5740,2,0.272
E01005355,13,Oldham,26.78,9715,3,0.118
E01005356,12,Oldham,15.542,18402,6,0.071
E01005357,5,Oldham,10.399,24018,8,0.064
E01005358,13,Oldham,31.456,7319,3,0.222
E01005359,19,Oldham,12.152,21986,7,0.06
E01005360,8,Oldham,28.832,8585,3,0.153
E01005361,16,Oldham,13.087,20962,7,0.071
E01005362,19,Oldham,23.029,12034,4,0.093
E01005363,33,Oldham,32.313,6962,3,0.168
E01005364,15,Oldham,16.61,17356,6,0.078
E01005365,25,Oldham,15.619,18328,6,0.053
E01005366,14,Oldham,37.135,5169,2,0.22
E01005367,17,Oldham,11.592,22653,7,0.056
E01005368,45,Oldham,40.158,4218,2,0.21
E01005369,30,Oldham,41.604,3840,2,0.236
E01005370,43,Oldham,50.672,2083,1,0.261
E01005371,21,Oldham,43.104,3451,2,0.208
E01005372,24,Oldham,32.309,6964,3,0.192
E01005373,7,Oldham,12.532,21571,7,0.062
E01005374,10,Oldham,28.457,8791,3,0.169
E01005375,7,Oldham,12.845,21217,7,0.065
E01005376,21,Oldham,47.175,2624,1,0.282
E01005377,24,Oldham,64.915,524,1,0.396
E01005378,27,Oldham,35.716,5631,2,0.205
E01005379,6,Oldham,56.362,1303,1,0.339
E01005380,11,Oldham,50.895,2039,1,0.336
E01005381,24,Oldham,53.441,1668,1,0.298
E01005382,20,Oldham,56.193,1330,1,0.296
E01005383,16,Oldham,45.393,2984,1,0.294
E01005386,19,Oldham,64.436,562,1,0.358
E01005387,11,Oldham,16.821,17160,6,0.11
E01005388,8,Oldham,20.356,14041,5,0.108
E01005389,40,Oldham,47.37,2597,1,0.279
E01005390,8,Oldham,15.46,18486,6,0.068
E01005391,12,Oldham,22.597,12323,4,0.115
E01005392,46,Oldham,41.804,3781,2,0.232
E01005393,12,Oldham,13.302,20733,7,0.064
E01005394,14,Oldham,15.163,18747,6,0.07
E01005395,2,Oldham,15.778,18161,6,0.074
E01005396,12,Oldham,21.19,13407,5,0.112
E01005397,21,Oldham,21.883,12856,4,0.1
E01005398,12,Oldham,21.362,13262,5,0.093
E01005399,3,Oldham,15.819,18121,6,0.074
E01005400,18,Oldham,42.253,3658,2,0.231
E01005401,8,Oldham,11.674,22557,7,0.046
E01005402,19,Oldham,21.33,13289,5,0.11
E01005403,6,Oldham,15.561,18386,6,0.07
E01005406,24,Oldham,7.963,27103,9,0.034
E01005407,10,Oldham,8.095,26952,9,0.032
E01005408,12,Oldham,7.449,27745,9,0.053
E01005409,24,Oldham,9.539,25072,8,0.033
E01005410,9,Oldham,8.053,27011,9,0.039
E01005411,18,Oldham,10.166,24294,8,0.079
E01005412,19,Oldham,6.963,28377,9,0.045
E01005413,15,Oldham,6.069,29371,9,0.033
E01005414,14,Oldham,12.962,21087,7,0.039
E01005415,12,Oldham,13.78,20180,7,0.094
E01005416,9,Oldham,9.101,25651,8,0.052
E01005417,5,Oldham,9.851,24694,8,0.05
E01005418,7,Oldham,8.544,26366,9,0.037
E01005419,7,Oldham,10.015,24510,8,0.062
E01005420,8,Oldham,18.46,15730,5,0.142
E01005421,38,Oldham,35.984,5546,2,0.219
E01005422,16,Oldham,56.69,1260,1,0.327
E01005427,7,Oldham,56.077,1346,1,0.417
E01005428,21,Oldham,53.274,1682,1,0.328
E01005429,7,Oldham,54.185,1564,1,0.362
E01005430,12,Oldham,44.553,3144,1,0.259
E01005431,25,Oldham,36.314,5428,2,0.203
E01005432,29,Oldham,72.323,181,1,0.414
E01005433,54,Oldham,73.896,129,1,0.433
E01005434,85,Oldham,64.512,556,1,0.341
E01005435,30,Oldham,38.722,4653,2,0.248
E01005436,5,Oldham,21.628,13062,4,0.124
E01005437,12,Oldham,33.054,6643,3,0.195
E01005438,53,Oldham,39.06,4552,2,0.222
E01005439,19,Oldham,24.217,11236,4,0.124
E01005440,19,Oldham,28.761,8620,3,0.166
E01005441,17,Oldham,40,4258,2,0.218
E01005442,7,Oldham,9.148,25601,8,0.042
E01005443,8,Oldham,9.713,24868,8,0.039
E01005444,10,Oldham,24.506,11061,4,0.145
E01005445,25,Oldham,32.779,6769,3,0.195
E01005446,19,Oldham,23.857,11462,4,0.127
E01005447,45,Oldham,48.091,2471,1,0.251
E01005448,27,Oldham,69.837,283,1,0.368
E01005449,8,Oldham,42.107,3689,2,0.253
E01005450,18,Oldham,41.528,3852,2,0.228
E01005451,12,Oldham,24.079,11338,4,0.146
E01005452,11,Oldham,12.39,21723,7,0.08
E01005453,7,Oldham,9.82,24733,8,0.052
E01005454,5,Oldham,18.374,15814,5,0.102
E01005455,9,Oldham,19.947,14395,5,0.11
E01005456,19,Oldham,62.369,716,1,0.333
E01005459,38,Oldham,58.548,1057,1,0.377
E01005460,43,Oldham,39.939,4278,2,0.265
E01005461,22,Oldham,46.269,2806,1,0.318
E01005462,11,Oldham,35.44,5739,2,0.243
E01005463,22,Oldham,50.26,2140,1,0.314
E01005464,17,Rochdale,52.046,1865,1,0.329
E01005465,29,Rochdale,29.03,8480,3,0.165
E01005466,20,Rochdale,66.643,424,1,0.414
E01005467,12,Rochdale,57.277,1185,1,0.33
E01005468,24,Rochdale,12.556,21545,7,0.045
E01005469,35,Rochdale,27.713,9190,3,0.151
E01005470,7,Rochdale,42.015,3716,2,0.297
E01005471,17,Rochdale,37.456,5064,2,0.23
E01005472,31,Rochdale,46.725,2709,1,0.306
E01005473,22,Rochdale,42.769,3526,2,0.274
E01005474,10,Rochdale,28.267,8895,3,0.154
E01005475,23,Rochdale,47.04,2655,1,0.317
E01005476,12,Rochdale,27.659,9217,3,0.146
E01005477,25,Rochdale,45.618,2929,1,0.247
E01005478,26,Rochdale,27.566,9260,3,0.141
E01005479,24,Rochdale,31.972,7095,3,0.154
E01005480,27,Rochdale,32.566,6853,3,0.183
E01005481,18,Rochdale,28.092,8980,3,0.17
E01005482,126,Rochdale,79.3,31,1,0.512
E01005483,20,Rochdale,71.698,205,1,0.444
E01005484,36,Rochdale,66.441,437,1,0.435
E01005485,24,Rochdale,59.359,969,1,0.349
E01005486,25,Rochdale,53.609,1654,1,0.317
E01005487,33,Rochdale,45.052,3050,1,0.285
E01005488,10,Rochdale,9.84,24714,8,0.046
E01005489,17,Rochdale,19.846,14475,5,0.112
E01005490,8,Rochdale,44.671,3122,1,0.273
E01005491,11,Rochdale,24.198,11255,4,0.155
E01005492,5,Rochdale,13.849,20100,7,0.069
E01005493,12,Rochdale,11.247,23059,8,0.056
E01005494,17,Rochdale,21.634,13056,4,0.118
E01005495,22,Rochdale,27.475,9311,3,0.134
E01005496,11,Rochdale,53.997,1596,1,0.315
E01005497,21,Rochdale,57.393,1173,1,0.392
E01005498,14,Rochdale,32.664,6809,3,0.153
E01005499,25,Rochdale,23.725,11558,4,0.104
E01005500,16,Rochdale,26.142,10089,4,0.152
E01005501,65,Rochdale,56.677,1261,1,0.316
E01005502,23,Rochdale,43.898,3276,1,0.225
E01005503,26,Rochdale,11.105,23206,8,0.047
E01005504,40,Rochdale,37.221,5138,2,0.195
E01005505,13,Rochdale,32.858,6728,3,0.165
E01005506,12,Rochdale,30.094,7983,3,0.17
E01005507,23,Rochdale,19.825,14506,5,0.115
E01005508,17,Rochdale,9.186,25558,8,0.043
E01005509,26,Rochdale,63.824,605,1,0.306
E01005510,17,Rochdale,11.978,22202,7,0.06
E01005511,7,Rochdale,24.401,11123,4,0.129
E01005512,18,Rochdale,33.731,6361,2,0.187
E01005513,6,Rochdale,59.204,990,1,0.325
E01005514,19,Rochdale,33.895,6312,2,0.209
E01005515,21,Rochdale,51.606,1932,1,0.33
E01005516,4,Rochdale,13.154,20884,7,0.075
E01005517,9,Rochdale,10.714,23639,8,0.061
E01005518,18,Rochdale,30.91,7597,3,0.171
E01005519,4,Rochdale,14.693,19238,6,0.074
E01005520,11,Rochdale,19.667,14653,5,0.108
E01005521,10,Rochdale,20.734,13747,5,0.082
E01005522,26,Rochdale,32.253,6986,3,0.159
E01005523,10,Rochdale,16.35,17603,6,0.087
E01005524,5,Rochdale,28.585,8718,3,0.182
E01005525,19,Rochdale,52.222,1843,1,0.317
E01005526,14,Rochdale,34.432,6093,2,0.2
E01005527,13,Rochdale,59.044,1006,1,0.338
E01005528,14,Rochdale,35.236,5814,2,0.187
E01005529,16,Rochdale,50.579,2096,1,0.295
E01005530,16,Rochdale,11.466,22781,7,0.054
E01005531,6,Rochdale,26.668,9782,3,0.127
E01005532,13,Rochdale,52.653,1775,1,0.294
E01005533,13,Rochdale,25.951,10220,4,0.156
E01005534,9,Rochdale,25.313,10570,4,0.161
E01005535,11,Rochdale,30.391,7848,3,0.169
E01005536,9,Rochdale,32.041,7068,3,0.2
E01005537,2,Rochdale,14.621,19320,6,0.074
E01005538,9,Rochdale,36.431,5393,2,0.241
E01005539,43,Rochdale,40.234,4202,2,0.215
E01005540,6,Rochdale,25.902,10257,4,0.114
E01005541,2,Rochdale,28.261,8897,3,0.148
E01005542,9,Rochdale,39.609,4382,2,0.23
E01005543,18,Rochdale,19.025,15218,5,0.119
E01005544,14,Rochdale,8.098,26950,9,0.048
E01005545,18,Rochdale,8.466,26465,9,0.051
E01005546,14,Rochdale,31.937,7103,3,0.169
E01005547,17,Rochdale,28.905,8542,3,0.164
E01005548,18,Rochdale,38.55,4712,2,0.192
E01005549,29,Rochdale,8.589,26312,9,0.036
E01005550,16,Rochdale,14.98,18932,6,0.065
E01005551,30,Rochdale,56.481,1287,1,0.339
E01005552,17,Rochdale,61.492,788,1,0.38
E01005553,13,Rochdale,39.847,4307,2,0.284
E01005554,25,Rochdale,29.889,8071,3,0.138
E01005555,8,Rochdale,12.091,22055,7,0.071
E01005556,22,Rochdale,17.968,16148,5,0.093
E01005557,9,Rochdale,10.279,24164,8,0.051
E01005558,17,Rochdale,23.491,11702,4,0.142
E01005559,10,Rochdale,46.658,2723,1,0.249
E01005560,12,Rochdale,17.626,16449,6,0.094
E01005561,16,Rochdale,21.486,13185,5,0.087
E01005562,9,Rochdale,25.697,10371,4,0.15
E01005563,42,Rochdale,45.86,2873,1,0.3
E01005564,34,Rochdale,56.696,1259,1,0.364
E01005565,18,Rochdale,41.701,3810,2,0.265
E01005566,34,Rochdale,35.913,5569,2,0.203
E01005567,17,Rochdale,30.478,7800,3,0.136
E01005568,39,Rochdale,72.778,159,1,0.476
E01005569,39,Rochdale,45.049,3051,1,0.28
E01005570,9,Rochdale,10.532,23854,8,0.061
E01005571,11,Rochdale,10.029,24485,8,0.057
E01005572,13,Rochdale,7.711,27413,9,0.046
E01005573,18,Rochdale,7.61,27541,9,0.044
E01005574,38,Rochdale,9.801,24755,8,0.054
E01005575,18,Rochdale,10.764,23580,8,0.066
E01005576,13,Rochdale,7.596,27564,9,0.045
E01005577,16,Rochdale,8.689,26182,8,0.054
E01005578,18,Rochdale,59.085,1000,1,0.357
E01005579,8,Rochdale,55.538,1400,1,0.336
E01005580,34,Rochdale,40.413,4138,2,0.264
E01005581,33,Rochdale,60.77,853,1,0.336
E01005583,22,Rochdale,58.337,1081,1,0.397
E01005585,14,Rochdale,46.864,2681,1,0.323
E01005586,21,Rochdale,65.87,473,1,0.371
E01005587,14,Rochdale,11.562,22683,7,0.05
E01005588,27,Rochdale,35.244,5810,2,0.189
E01005589,26,Rochdale,28.877,8561,3,0.177
E01005590,25,Rochdale,38.469,4741,2,0.211
E01005591,11,Rochdale,19.601,14714,5,0.119
E01005592,18,Rochdale,50.9,2038,1,0.303
E01005593,16,Rochdale,35.443,5737,2,0.214
E01005594,21,Rochdale,25.818,10303,4,0.145
E01005595,19,Rochdale,60.718,855,1,0.333
E01005596,22,Rochdale,17.795,16315,5,0.094
E01005597,8,Rochdale,14.105,19846,7,0.066
E01005598,9,Rochdale,9.335,25337,8,0.048
E01005599,31,Salford,48.373,2429,1,0.262
E01005600,11,Salford,38.148,4826,2,0.201
E01005601,9,Salford,54.564,1517,1,0.288
E01005602,7,Salford,51.4,1970,1,0.318
E01005603,7,Salford,33.928,6299,2,0.188
E01005604,8,Salford,29.956,8039,3,0.179
E01005605,6,Salford,33.408,6503,2,0.187
E01005609,47,Salford,44.558,3141,1,0.277
E01005610,41,Salford,71.406,217,1,0.435
E01005611,67,Salford,57.209,1198,1,0.317
E01005612,24,Salford,64.488,557,1,0.366
E01005613,23,Salford,61.899,755,1,0.359
E01005614,42,Salford,33.601,6421,2,0.143
E01005615,30,Salford,49.298,2285,1,0.266
E01005616,6,Salford,39.635,4374,2,0.219
E01005617,4,Salford,19.737,14592,5,0.097
E01005618,11,Salford,28.032,9015,3,0.168
E01005619,7,Salford,36.649,5328,2,0.186
E01005620,22,Salford,14.326,19614,6,0.082
E01005621,8,Salford,30.54,7773,3,0.163
E01005622,6,Salford,23.914,11417,4,0.135
E01005623,19,Salford,16.202,17751,6,0.076
E01005624,10,Salford,47.48,2574,1,0.305
E01005625,10,Salford,16.353,17600,6,0.073
E01005626,16,Salford,16.465,17499,6,0.086
E01005627,9,Salford,15.105,18819,6,0.074
E01005628,21,Salford,28.435,8800,3,0.121
E01005629,10,Salford,23.151,11953,4,0.121
E01005630,18,Salford,21.999,12775,4,0.148
E01005631,28,Salford,62.347,717,1,0.378
E01005632,22,Salford,23.667,11596,4,0.147
E01005633,6,Salford,38.554,4711,2,0.241
E01005634,26,Salford,8.446,26500,9,0.031
E01005635,13,Salford,20.948,13589,5,0.088
E01005636,23,Salford,18.358,15823,5,0.084
E01005637,11,Salford,26.209,10045,4,0.147
E01005638,23,Salford,51.585,1938,1,0.273
E01005639,8,Salford,59.403,966,1,0.344
E01005640,13,Salford,39.781,4329,2,0.228
E01005641,4,Salford,30.689,7693,3,0.18
E01005642,6,Salford,10.728,23627,8,0.059
E01005643,5,Salford,15.826,18110,6,0.097
E01005644,3,Salford,13.972,19985,7,0.082
E01005645,1,Salford,8.451,26489,9,0.059
E01005646,48,Salford,20.348,14045,5,0.118
E01005647,6,Salford,17.838,16282,5,0.105
E01005648,26,Salford,20.416,14002,5,0.111
E01005649,19,Salford,16.729,17249,6,0.112
E01005650,18,Salford,40.22,4207,2,0.21
E01005651,42,Salford,34.575,6046,2,0.183
E01005652,16,Salford,41.792,3786,2,0.259
E01005653,15,Salford,64.724,543,1,0.431
E01005654,13,Salford,39.559,4396,2,0.219
E01005655,21,Salford,54.767,1494,1,0.251
E01005656,10,Salford,47.185,2621,1,0.251
E01005657,13,Salford,54.839,1482,1,0.316
E01005658,18,Salford,72.41,177,1,0.403
E01005659,9,Salford,42.865,3507,2,0.244
E01005660,39,Salford,63.084,655,1,0.402
E01005661,16,Salford,40.817,4026,2,0.262
E01005662,4,Salford,59.907,926,1,0.4
E01005663,8,Salford,43.368,3383,2,0.28
E01005664,15,Salford,63.346,638,1,0.434
E01005665,11,Salford,71.863,201,1,0.446
E01005667,9,Salford,58.277,1087,1,0.358
E01005670,14,Salford,41.686,3816,2,0.238
E01005671,19,Salford,38.798,4636,2,0.221
E01005672,14,Salford,25.904,10254,4,0.134
E01005673,15,Salford,25.007,10762,4,0.134
E01005674,10,Salford,33.414,6498,2,0.194
E01005675,28,Salford,28.056,9000,3,0.116
E01005676,7,Salford,11.769,22438,7,0.046
E01005677,8,Salford,21.787,12922,4,0.123
E01005678,3,Salford,42.849,3510,2,0.249
E01005679,17,Salford,54.387,1536,1,0.314
E01005680,43,Salford,69.961,280,1,0.378
E01005681,15,Salford,52.008,1872,1,0.228
E01005682,11,Salford,75.302,93,1,0.469
E01005683,47,Salford,72.47,175,1,0.451
E01005686,7,Salford,31.62,7240,3,0.175
E01005687,12,Salford,24.442,11105,4,0.154
E01005688,3,Salford,20.726,13754,5,0.131
E01005689,10,Salford,51.746,1908,1,0.34
E01005690,5,Salford,25.637,10401,4,0.14
E01005691,6,Salford,13.413,20605,7,0.076
E01005692,13,Salford,51.757,1906,1,0.282
E01005693,4,Salford,16.19,17760,6,0.08
E01005694,8,Salford,15.63,18323,6,0.077
E01005695,25,Salford,8.458,26472,9,0.018
E01005696,17,Salford,22.34,12510,4,0.121
E01005697,9,Salford,10.99,23353,8,0.052
E01005698,12,Salford,55.083,1450,1,0.336
E01005699,8,Salford,14.676,19255,6,0.058
E01005700,12,Salford,26.374,9951,4,0.153
E01005701,14,Salford,11.742,22474,7,0.068
E01005702,36,Salford,33.859,6320,2,0.213
E01005703,14,Salford,61.202,819,1,0.358
E01005704,18,Salford,36.323,5425,2,0.22
E01005705,41,Salford,25.573,10437,4,0.143
E01005706,13,Salford,52.943,1732,1,0.309
E01005707,27,Salford,50.403,2119,1,0.264
E01005708,42,Salford,43.591,3341,2,0.241
E01005709,5,Salford,59.089,999,1,0.393
E01005710,14,Salford,28.833,8582,3,0.157
E01005711,8,Salford,20.016,14334,5,0.097
E01005712,17,Salford,30.773,7661,3,0.181
E01005713,8,Salford,9.017,25771,8,0.042
E01005714,23,Salford,41.286,3906,2,0.229
E01005715,21,Salford,13.382,20639,7,0.067
E01005716,22,Salford,5.422,30096,10,0.034
E01005717,13,Salford,5.099,30420,10,0.022
E01005718,39,Salford,28.212,8920,3,0.144
E01005719,12,Salford,31.39,7352,3,0.175
E01005720,44,Salford,36.542,5360,2,0.204
E01005721,18,Salford,44.252,3213,1,0.215
E01005722,10,Salford,51.116,2012,1,0.322
E01005723,25,Salford,50.409,2117,1,0.304
E01005724,11,Salford,24.197,11256,4,0.098
E01005725,3,Salford,54.381,1537,1,0.32
E01005726,17,Salford,30.592,7746,3,0.159
E01005727,4,Salford,27.106,9531,3,0.175
E01005728,3,Salford,21.701,12998,4,0.093
E01005729,13,Salford,71.481,214,1,0.441
E01005730,6,Salford,23.521,11673,4,0.115
E01005731,3,Salford,44.22,3223,1,0.295
E01005732,4,Salford,43.363,3385,2,0.242
E01005733,5,Salford,52.334,1826,1,0.287
E01005734,14,Salford,18.793,15416,5,0.136
E01005735,5,Salford,9.389,25272,8,0.054
E01005736,4,Salford,8.517,26398,9,0.048
E01005737,14,Salford,9.448,25203,8,0.03
E01005738,18,Salford,9.589,25020,8,0.026
E01005739,9,Salford,4.71,30793,10,0.027
E01005740,21,Salford,6.02,29446,9,0.034
E01005741,26,Salford,5.569,29947,10,0.022
E01005742,8,Salford,8.575,26329,9,0.054
E01005743,12,Stockport,19.603,14712,5,0.086
E01005744,26,Stockport,37.537,5036,2,0.194
E01005745,16,Stockport,20.805,13694,5,0.101
E01005746,18,Stockport,56.994,1224,1,0.322
E01005747,10,Stockport,10.006,24524,8,0.059
E01005748,14,Stockport,6.044,29413,9,0.036
E01005749,12,Stockport,13.933,20013,7,0.076
E01005750,27,Stockport,21.043,13526,5,0.093
E01005751,14,Stockport,26.188,10058,4,0.143
E01005752,2,Stockport,30.491,7794,3,0.204
E01005753,11,Stockport,61.549,781,1,0.355
E01005754,19,Stockport,76.234,69,1,0.481
E01005755,7,Stockport,61.599,776,1,0.353
E01005756,15,Stockport,75.498,90,1,0.438
E01005757,17,Stockport,32.534,6871,3,0.156
E01005758,101,Stockport,72.065,193,1,0.385
E01005759,12,Stockport,22.088,12711,4,0.111
E01005760,10,Stockport,32.97,6686,3,0.169
E01005761,8,Stockport,32.205,7003,3,0.191
E01005762,12,Stockport,64.809,535,1,0.38
E01005763,11,Stockport,39.541,4403,2,0.231
E01005764,12,Stockport,33.377,6517,2,0.172
E01005765,16,Stockport,13.351,20681,7,0.052
E01005766,11,Stockport,50.643,2087,1,0.279
E01005767,28,Stockport,11.459,22791,7,0.073
E01005768,20,Stockport,10.562,23818,8,0.052
E01005769,53,Stockport,12.728,21356,7,0.068
E01005770,20,Stockport,10.339,24094,8,0.071
E01005771,13,Stockport,12.816,21247,7,0.069
E01005772,15,Stockport,13.571,20408,7,0.077
E01005773,27,Stockport,18.046,16090,5,0.079
E01005774,19,Stockport,43.56,3347,2,0.224
E01005775,32,Stockport,8.954,25845,8,0.055
E01005776,25,Stockport,10.237,24221,8,0.056
E01005777,14,Stockport,20.219,14157,5,0.139
E01005778,29,Stockport,13.576,20398,7,0.078
E01005779,14,Stockport,19.485,14836,5,0.088
E01005780,18,Stockport,15.89,18051,6,0.064
E01005781,26,Stockport,47.243,2613,1,0.276
E01005782,13,Stockport,11.228,23073,8,0.058
E01005783,18,Stockport,14.17,19772,7,0.1
E01005784,37,Stockport,8.811,26042,8,0.046
E01005785,16,Stockport,9.224,25497,8,0.057
E01005786,17,Stockport,6.881,28469,9,0.048
E01005787,17,Stockport,4.082,31427,10,0.025
E01005788,20,Stockport,6.592,28799,9,0.05
E01005789,30,Stockport,5.095,30424,10,0.036
E01005790,2,Stockport,20.574,13871,5,0.121
E01005791,16,Stockport,12.519,21589,7,0.092
E01005792,25,Stockport,2.451,32508,10,0.014
E01005793,21,Stockport,9.243,25474,8,0.076
E01005794,5,Stockport,2.841,32315,10,0.03
E01005795,17,Stockport,5.077,30443,10,0.045
E01005796,2,Stockport,4.107,31401,10,0.034
E01005797,20,Stockport,29.538,8240,3,0.175
E01005798,31,Stockport,26.854,9674,3,0.144
E01005799,13,Stockport,50.84,2053,1,0.303
E01005800,26,Stockport,11.999,22173,7,0.083
E01005801,10,Stockport,16.294,17661,6,0.098
E01005802,32,Stockport,7.432,27762,9,0.042
E01005803,23,Stockport,6.016,29449,9,0.037
E01005804,13,Stockport,24.288,11192,4,0.131
E01005805,13,Stockport,4.945,30554,10,0.036
E01005806,15,Stockport,5.995,29479,9,0.038
E01005807,14,Stockport,3.933,31567,10,0.038
E01005808,22,Stockport,4.598,30904,10,0.031
E01005809,7,Stockport,6.627,28746,9,0.055
E01005810,12,Stockport,8.368,26599,9,0.051
E01005811,17,Stockport,5.732,29765,10,0.034
E01005812,23,Stockport,2.84,32318,10,0.02
E01005813,20,Stockport,7.209,28059,9,0.043
E01005814,18,Stockport,5.801,29672,10,0.041
E01005815,12,Stockport,4.624,30885,10,0.036
E01005816,5,Stockport,25.305,10580,4,0.16
E01005817,10,Stockport,37.639,4991,2,0.197
E01005818,13,Stockport,34.379,6108,2,0.219
E01005819,18,Stockport,13.871,20078,7,0.063
E01005820,14,Stockport,23.275,11867,4,0.111
E01005821,19,Stockport,22.073,12723,4,0.117
E01005822,39,Stockport,58.716,1045,1,0.322
E01005823,15,Stockport,27.966,9052,3,0.158
E01005824,19,Stockport,18.766,15441,5,0.09
E01005825,12,Stockport,17.944,16162,5,0.107
E01005826,10,Stockport,48.36,2434,1,0.273
E01005827,25,Stockport,13.548,20431,7,0.083
E01005828,5,Stockport,66.625,426,1,0.383
E01005829,4,Stockport,40.21,4209,2,0.202
E01005830,18,Stockport,14.696,19234,6,0.083
E01005831,13,Stockport,19.321,14989,5,0.086
E01005832,23,Stockport,18.409,15775,5,0.088
E01005833,14,Stockport,27.443,9330,3,0.13
E01005834,11,Stockport,25.998,10197,4,0.17
E01005835,15,Stockport,8.143,26897,9,0.043
E01005836,12,Stockport,14.858,19058,6,0.087
E01005837,21,Stockport,10.72,23634,8,0.068
E01005838,20,Stockport,22.954,12085,4,0.133
E01005839,11,Stockport,4.77,30737,10,0.033
E01005840,38,Stockport,24.554,11037,4,0.132
E01005841,15,Stockport,12.229,21912,7,0.075
E01005842,21,Stockport,8.429,26524,9,0.041
E01005843,8,Stockport,8.363,26606,9,0.047
E01005844,12,Stockport,13.785,20173,7,0.08
E01005845,20,Stockport,15.616,18335,6,0.084
E01005846,10,Stockport,14.117,19829,7,0.105
E01005847,15,Stockport,12.327,21800,7,0.08
E01005848,22,Stockport,8.433,26515,9,0.039
E01005849,21,Stockport,7.848,27251,9,0.063
E01005850,15,Stockport,23.356,11805,4,0.15
E01005851,22,Stockport,12.3,21831,7,0.079
E01005852,30,Stockport,9.724,24855,8,0.079
E01005853,26,Stockport,26.765,9720,3,0.181
E01005854,40,Stockport,7.607,27553,9,0.035
E01005855,12,Stockport,8.615,26278,9,0.044
E01005856,20,Stockport,13.231,20810,7,0.072
E01005857,23,Stockport,16.471,17495,6,0.137
E01005858,16,Stockport,12.302,21827,7,0.066
E01005859,36,Stockport,19.573,14743,5,0.096
E01005860,20,Stockport,6.808,28551,9,0.044
E01005861,20,Stockport,16.087,17861,6,0.094
E01005862,17,Stockport,9.041,25739,8,0.067
E01005863,22,Stockport,15.497,18451,6,0.07
E01005864,42,Stockport,7.341,27890,9,0.035
E01005865,27,Stockport,8.964,25835,8,0.046
E01005866,34,Stockport,22.044,12743,4,0.104
E01005867,29,Stockport,9.219,25508,8,0.059
E01005868,20,Stockport,11.697,22526,7,0.079
E01005869,27,Stockport,14.037,19911,7,0.098
E01005870,9,Stockport,27.489,9302,3,0.121
E01005871,17,Stockport,24.436,11108,4,0.124
E01005872,14,Stockport,31.925,7108,3,0.142
E01005873,17,Stockport,18.581,15604,5,0.098
E01005874,31,Stockport,51.441,1959,1,0.294
E01005875,12,Stockport,15.17,18741,6,0.075
E01005876,14,Stockport,21.249,13365,5,0.113
E01005877,25,Stockport,25.84,10286,4,0.147
E01005878,11,Stockport,30.736,7679,3,0.194
E01005879,9,Stockport,20.82,13685,5,0.134
E01005880,16,Stockport,10.1,24385,8,0.055
E01005881,18,Stockport,2.817,32324,10,0.026
E01005882,12,Stockport,7.507,27684,9,0.046
E01005883,29,Stockport,4.876,30624,10,0.026
E01005884,18,Stockport,5.387,30131,10,0.02
E01005885,23,Stockport,17.269,16749,6,0.083
E01005886,16,Stockport,37.422,5071,2,0.204
E01005887,11,Stockport,41.657,3825,2,0.255
E01005888,7,Stockport,24.385,11137,4,0.17
E01005889,26,Stockport,33.386,6512,2,0.194
E01005890,17,Stockport,36.662,5321,2,0.237
E01005891,6,Stockport,12.361,21760,7,0.06
E01005892,11,Stockport,26.09,10130,4,0.139
E01005893,18,Stockport,29.143,8439,3,0.153
E01005894,7,Stockport,22.372,12488,4,0.126
E01005895,9,Stockport,24.264,11207,4,0.162
E01005896,14,Stockport,25.194,10649,4,0.148
E01005897,10,Stockport,26.67,9779,3,0.166
E01005898,12,Stockport,19.537,14780,5,0.114
E01005899,23,Stockport,18.461,15729,5,0.109
E01005900,16,Stockport,23.883,11444,4,0.138
E01005901,8,Stockport,14.919,18998,6,0.078
E01005902,17,Stockport,41.501,3857,2,0.24
E01005903,30,Stockport,5.426,30094,10,0.024
E01005904,21,Stockport,7.275,27967,9,0.042
E01005905,17,Stockport,48.658,2382,1,0.254
E01005906,11,Stockport,7.773,27332,9,0.042
E01005907,12,Stockport,6.672,28692,9,0.049
E01005908,29,Stockport,6.415,28969,9,0.02
E01005909,30,Stockport,7.147,28135,9,0.046
E01005910,31,Stockport,24.508,11059,4,0.168
E01005911,14,Stockport,11.595,22648,7,0.058
E01005912,28,Stockport,12.066,22096,7,0.057
E01005913,24,Stockport,10.235,24223,8,0.072
E01005914,18,Stockport,25.868,10271,4,0.133
E01005915,43,Stockport,38.625,4688,2,0.235
E01005916,27,Stockport,27.81,9142,3,0.15
E01005917,29,Stockport,39.18,4513,2,0.247
E01005918,20,Stockport,77.101,58,1,0.478
E01005919,22,Stockport,48.335,2436,1,0.3
E01005920,32,Stockport,13.808,20144,7,0.086
E01005921,21,Stockport,33.079,6634,3,0.207
E01005922,15,Stockport,19.696,14626,5,0.097
E01005923,19,Stockport,2.461,32503,10,0.022
E01005924,33,Stockport,2.921,32268,10,0.014
E01005925,12,Stockport,5.652,29852,10,0.063
E01005926,18,Stockport,6.39,29004,9,0.027
E01005927,13,Stockport,4.459,31047,10,0.039
E01005928,8,Stockport,25.979,10205,4,0.154
E01005929,13,Stockport,3.411,31967,10,0.024
E01005930,11,Stockport,2.934,32264,10,0.014
E01005931,10,Stockport,4.747,30755,10,0.063
E01005932,14,Stockport,3.269,32055,10,0.039
E01005933,13,Tameside,52.714,1765,1,0.323
E01005934,21,Tameside,28.458,8789,3,0.166
E01005935,16,Tameside,64.786,537,1,0.348
E01005936,15,Tameside,16.732,17245,6,0.079
E01005937,25,Tameside,35.834,5599,2,0.205
E01005938,23,Tameside,33.916,6305,2,0.176
E01005939,15,Tameside,14.316,19627,6,0.097
E01005940,19,Tameside,20.41,14007,5,0.128
E01005941,23,Tameside,52.035,1869,1,0.288
E01005942,20,Tameside,20.489,13942,5,0.103
E01005943,44,Tameside,25.328,10559,4,0.123
E01005944,33,Tameside,22.22,12599,4,0.107
E01005945,25,Tameside,51.726,1913,1,0.313
E01005946,23,Tameside,38.583,4698,2,0.18
E01005947,15,Tameside,60.107,912,1,0.311
E01005948,152,Tameside,64.673,547,1,0.332
E01005949,14,Tameside,38.842,4627,2,0.183
E01005950,16,Tameside,40.903,4002,2,0.264
E01005951,28,Tameside,38.411,4762,2,0.245
E01005952,16,Tameside,71.016,237,1,0.455
E01005953,8,Tameside,47.819,2509,1,0.278
E01005954,21,Tameside,34.855,5945,2,0.215
E01005955,15,Tameside,9.111,25638,8,0.054
E01005956,13,Tameside,20.979,13569,5,0.108
E01005957,21,Tameside,26,10195,4,0.141
E01005958,11,Tameside,39.313,4482,2,0.252
E01005959,19,Tameside,45.22,3015,1,0.255
E01005960,24,Tameside,43.709,3313,2,0.229
E01005961,36,Tameside,16.794,17186,6,0.077
E01005962,23,Tameside,19.511,14803,5,0.092
E01005963,12,Tameside,18.591,15588,5,0.104
E01005964,24,Tameside,20.305,14076,5,0.099
E01005965,17,Tameside,40.328,4176,2,0.231
E01005966,14,Tameside,33.606,6418,2,0.206
E01005967,14,Tameside,45.064,3048,1,0.272
E01005968,9,Tameside,18.52,15672,5,0.067
E01005969,23,Tameside,17.453,16596,6,0.077
E01005970,13,Tameside,15.903,18032,6,0.058
E01005971,17,Tameside,24.892,10829,4,0.142
E01005972,12,Tameside,35.643,5658,2,0.174
E01005973,14,Tameside,17.552,16507,6,0.081
E01005974,47,Tameside,40.522,4104,2,0.198
E01005975,18,Tameside,31.899,7120,3,0.193
E01005976,10,Tameside,39.684,4356,2,0.227
E01005977,20,Tameside,20.281,14096,5,0.096
E01005978,17,Tameside,37.776,4949,2,0.209
E01005979,10,Tameside,26.642,9800,3,0.133
E01005980,2,Tameside,36.29,5436,2,0.21
E01005981,9,Tameside,44.791,3100,1,0.272
E01005982,15,Tameside,36.665,5319,2,0.19
E01005983,8,Tameside,12.079,22075,7,0.066
E01005984,3,Tameside,46.615,2732,1,0.276
E01005985,6,Tameside,14.521,19425,6,0.063
E01005986,9,Tameside,27.119,9527,3,0.134
E01005987,16,Tameside,14.739,19189,6,0.072
E01005988,9,Tameside,10.124,24354,8,0.048
E01005989,15,Tameside,13.149,20889,7,0.061
E01005990,16,Tameside,15.964,17984,6,0.089
E01005991,14,Tameside,22.014,12763,4,0.121
E01005992,27,Tameside,32.719,6792,3,0.197
E01005993,8,Tameside,19.542,14774,5,0.126
E01005994,4,Tameside,26.54,9862,4,0.169
E01005995,3,Tameside,11.996,22179,7,0.068
E01005996,22,Tameside,24.753,10915,4,0.146
E01005997,11,Tameside,28.104,8974,3,0.137
E01005998,34,Tameside,32.166,7018,3,0.149
E01005999,41,Tameside,41.844,3769,2,0.263
E01006000,64,Tameside,47.773,2516,1,0.265
E01006001,18,Tameside,24.727,10932,4,0.14
E01006002,21,Tameside,27.275,9426,3,0.147
E01006003,31,Tameside,28.308,8877,3,0.161
E01006004,12,Tameside,20.281,14095,5,0.095
E01006005,4,Tameside,49.072,2310,1,0.317
E01006006,6,Tameside,20.176,14186,5,0.135
E01006007,22,Tameside,31.352,7378,3,0.151
E01006008,16,Tameside,20.087,14264,5,0.102
E01006009,8,Tameside,27.744,9178,3,0.15
E01006010,12,Tameside,41.338,3893,2,0.22
E01006011,7,Tameside,47.053,2651,1,0.251
E01006012,15,Tameside,26.24,10021,4,0.145
E01006013,10,Tameside,21.705,12995,4,0.112
E01006014,14,Tameside,31.995,7086,3,0.202
E01006015,12,Tameside,11.443,22810,7,0.044
E01006016,36,Tameside,61.615,775,1,0.334
E01006017,8,Tameside,7.578,27589,9,0.044
E01006018,12,Tameside,10.478,23904,8,0.053
E01006019,7,Tameside,56.235,1322,1,0.31
E01006020,14,Tameside,31.535,7278,3,0.182
E01006021,13,Tameside,20.04,14315,5,0.107
E01006022,21,Tameside,21.544,13145,5,0.104
E01006023,39,Tameside,46.047,2841,1,0.242
E01006024,32,Tameside,9.085,25671,8,0.039
E01006025,10,Tameside,63.927,593,1,0.36
E01006026,38,Tameside,25.717,10357,4,0.136
E01006027,18,Tameside,61.871,757,1,0.359
E01006028,60,Tameside,53.791,1633,1,0.307
E01006029,13,Tameside,37.463,5061,2,0.242
E01006030,16,Tameside,39.511,4417,2,0.206
E01006031,20,Tameside,48.451,2417,1,0.27
E01006032,7,Tameside,41.88,3759,2,0.253
E01006033,14,Tameside,39.947,4276,2,0.214
E01006034,28,Tameside,34.519,6059,2,0.203
E01006035,19,Tameside,31.446,7325,3,0.155
E01006036,22,Tameside,38.325,4787,2,0.226
E01006037,14,Tameside,10.033,24479,8,0.055
E01006038,8,Tameside,17.435,16605,6,0.089
E01006039,3,Tameside,35.993,5542,2,0.248
E01006040,36,Tameside,47.581,2557,1,0.262
E01006041,25,Tameside,30.025,8014,3,0.184
E01006042,26,Tameside,15.757,18187,6,0.079
E01006043,21,Tameside,27.245,9439,3,0.121
E01006044,32,Tameside,24.048,11358,4,0.101
E01006045,25,Tameside,11.315,22973,7,0.031
E01006046,14,Tameside,12.555,21547,7,0.06
E01006047,11,Tameside,25.218,10634,4,0.144
E01006048,24,Tameside,16,17948,6,0.083
E01006049,9,Tameside,26.134,10096,4,0.138
E01006050,11,Tameside,61.926,750,1,0.343
E01006051,15,Tameside,18.484,15706,5,0.113
E01006052,17,Tameside,53.158,1700,1,0.354
E01006053,11,Tameside,12.551,21552,7,0.062
E01006054,14,Tameside,38.997,4572,2,0.234
E01006055,5,Tameside,17.973,16142,5,0.092
E01006056,5,Tameside,50.209,2149,1,0.319
E01006057,19,Tameside,13.863,20087,7,0.08
E01006058,12,Tameside,21.746,12959,4,0.111
E01006059,10,Tameside,13.42,20599,7,0.079
E01006060,28,Tameside,52.23,1841,1,0.262
E01006061,14,Tameside,30.032,8012,3,0.225
E01006062,12,Tameside,5.999,29469,9,0.037
E01006063,5,Tameside,14.081,19873,7,0.058
E01006064,17,Tameside,53.936,1604,1,0.292
E01006065,13,Tameside,44.778,3104,1,0.318
E01006066,14,Tameside,38.397,4766,2,0.188
E01006067,9,Tameside,10.531,23856,8,0.053
E01006068,21,Tameside,34.345,6127,2,0.18
E01006069,9,Tameside,42.044,3707,2,0.296
E01006070,13,Tameside,19.618,14697,5,0.087
E01006071,23,Tameside,9.275,25421,8,0.039
E01006072,15,Tameside,3.813,31662,10,0.026
E01006073,6,Tameside,35.658,5653,2,0.247
E01006074,12,Trafford,19.534,14785,5,0.153
E01006075,45,Trafford,6.405,28986,9,0.046
E01006076,8,Trafford,7.398,27808,9,0.06
E01006077,4,Trafford,11.808,22392,7,0.085
E01006078,28,Trafford,10.417,23992,8,0.069
E01006079,16,Trafford,4.122,31380,10,0.044
E01006080,27,Trafford,7.715,27407,9,0.049
E01006081,10,Trafford,3.265,32057,10,0.02
E01006082,10,Trafford,2.88,32296,10,0.018
E01006083,19,Trafford,3.857,31618,10,0.014
E01006084,17,Trafford,4.041,31472,10,0.023
E01006085,11,Trafford,2.403,32534,10,0.027
E01006086,7,Trafford,8.247,26761,9,0.088
E01006087,13,Trafford,11.456,22793,7,0.04
E01006088,18,Trafford,8.057,27006,9,0.034
E01006089,13,Trafford,11.737,22478,7,0.061
E01006090,6,Trafford,9.197,25538,8,0.049
E01006091,13,Trafford,7.59,27571,9,0.056
E01006092,15,Trafford,31.961,7100,3,0.222
E01006093,6,Trafford,4.508,31007,10,0.036
E01006094,22,Trafford,6.038,29428,9,0.044
E01006095,12,Trafford,8.088,26966,9,0.052
E01006096,11,Trafford,3.798,31677,10,0.027
E01006097,19,Trafford,5.395,30124,10,0.047
E01006098,15,Trafford,3.927,31575,10,0.027
E01006099,13,Trafford,11.543,22700,7,0.053
E01006100,13,Trafford,9.449,25198,8,0.059
E01006101,10,Trafford,4.187,31319,10,0.023
E01006102,14,Trafford,10.405,24007,8,0.081
E01006103,20,Trafford,3.257,32061,10,0.026
E01006104,10,Trafford,31.974,7094,3,0.183
E01006105,14,Trafford,50.577,2097,1,0.339
E01006106,11,Trafford,31.714,7197,3,0.22
E01006107,25,Trafford,40.802,4030,2,0.227
E01006108,9,Trafford,65.582,490,1,0.391
E01006109,17,Trafford,52.996,1726,1,0.331
E01006110,5,Trafford,25.375,10527,4,0.21
E01006111,8,Trafford,37.381,5086,2,0.325
E01006112,14,Trafford,43.158,3436,2,0.313
E01006113,4,Trafford,22.193,12625,4,0.187
E01006114,12,Trafford,29.485,8268,3,0.24
E01006115,11,Trafford,30.972,7568,3,0.246
E01006116,2,Trafford,10.886,23461,8,0.052
E01006117,6,Trafford,6.201,29209,9,0.038
E01006118,10,Trafford,20.559,13887,5,0.155
E01006119,17,Trafford,8.195,26835,9,0.052
E01006120,8,Trafford,7.458,27739,9,0.042
E01006121,46,Trafford,18.313,15860,5,0.089
E01006122,4,Trafford,9.198,25535,8,0.052
E01006123,13,Trafford,9.183,25564,8,0.056
E01006124,4,Trafford,5.49,30034,10,0.038
E01006125,5,Trafford,14.127,19817,7,0.087
E01006126,6,Trafford,31.56,7261,3,0.206
E01006127,8,Trafford,13.814,20137,7,0.076
E01006128,12,Trafford,10.094,24394,8,0.063
E01006129,4,Trafford,20.165,14198,5,0.115
E01006130,14,Trafford,9.528,25085,8,0.068
E01006131,9,Trafford,9.034,25752,8,0.057
E01006132,11,Trafford,14.442,19504,6,0.094
E01006133,7,Trafford,10.013,24512,8,0.056
E01006134,11,Trafford,3.224,32085,10,0.015
E01006135,21,Trafford,4.29,31230,10,0.032
E01006136,26,Trafford,3.701,31745,10,0.044
E01006137,13,Trafford,3.426,31956,10,0.028
E01006138,22,Trafford,12.358,21762,7,0.097
E01006139,21,Trafford,3.208,32098,10,0.028
E01006140,13,Trafford,7.37,27848,9,0.052
E01006141,11,Trafford,23.82,11489,4,0.159
E01006142,14,Trafford,20.107,14251,5,0.155
E01006143,15,Trafford,14.877,19034,6,0.082
E01006144,11,Trafford,49.871,2202,1,0.301
E01006145,8,Trafford,31.414,7340,3,0.249
E01006146,23,Trafford,15.442,18506,6,0.115
E01006147,10,Trafford,5.298,30222,10,0.032
E01006148,11,Trafford,8.67,26203,8,0.053
E01006149,7,Trafford,11.492,22746,7,0.09
E01006150,22,Trafford,9.243,25475,8,0.062
E01006151,11,Trafford,4.508,31006,10,0.031
E01006152,18,Trafford,3.317,32028,10,0.033
E01006153,17,Trafford,5.685,29826,10,0.061
E01006154,15,Trafford,7.617,27526,9,0.038
E01006155,8,Trafford,13.218,20823,7,0.053
E01006156,12,Trafford,19.732,14596,5,0.131
E01006157,34,Trafford,15.873,18061,6,0.086
E01006158,22,Trafford,28.937,8525,3,0.186
E01006159,6,Trafford,30.113,7977,3,0.203
E01006160,24,Trafford,21.185,13412,5,0.134
E01006161,8,Trafford,9.123,25626,8,0.047
E01006162,18,Trafford,6.877,28473,9,0.039
E01006163,9,Trafford,6.653,28716,9,0.041
E01006164,30,Trafford,10.536,23848,8,0.059
E01006165,17,Trafford,13.092,20959,7,0.085
E01006166,10,Trafford,17.253,16767,6,0.12
E01006167,12,Trafford,44.32,3203,1,0.273
E01006168,9,Trafford,52.615,1782,1,0.339
E01006169,11,Trafford,12.318,21810,7,0.09
E01006170,14,Trafford,11.16,23152,8,0.087
E01006171,10,Trafford,29.784,8126,3,0.198
E01006172,4,Trafford,11.67,22560,7,0.075
E01006173,7,Trafford,5.674,29838,10,0.029
E01006174,8,Trafford,9.379,25289,8,0.061
E01006175,8,Trafford,40.402,4146,2,0.274
E01006176,18,Trafford,14.302,19641,6,0.085
E01006177,10,Trafford,30.897,7605,3,0.222
E01006178,22,Trafford,8.217,26800,9,0.058
E01006179,25,Trafford,31.008,7550,3,0.2
E01006180,13,Trafford,20.276,14100,5,0.112
E01006181,6,Trafford,23.913,11420,4,0.141
E01006182,15,Trafford,13.964,19992,7,0.086
E01006183,20,Trafford,13.054,20991,7,0.088
E01006184,13,Trafford,25.119,10690,4,0.149
E01006185,29,Trafford,39.552,4399,2,0.248
E01006186,15,Trafford,25.167,10666,4,0.168
E01006187,13,Trafford,25.992,10199,4,0.154
E01006188,6,Trafford,25.842,10285,4,0.237
E01006189,8,Trafford,23.902,11430,4,0.161
E01006190,14,Trafford,4.279,31239,10,0.032
E01006191,11,Trafford,4.296,31220,10,0.027
E01006192,17,Trafford,6.14,29294,9,0.05
E01006193,26,Trafford,5.237,30280,10,0.05
E01006194,18,Trafford,9.323,25351,8,0.07
E01006195,11,Trafford,3.6,31838,10,0.031
E01006196,9,Trafford,5.809,29665,10,0.039
E01006197,9,Trafford,10.195,24261,8,0.061
E01006198,13,Trafford,20.546,13898,5,0.109
E01006199,11,Trafford,20.116,14246,5,0.134
E01006200,9,Trafford,18.753,15448,5,0.127
E01006201,6,Trafford,18.197,15957,5,0.09
E01006202,4,Trafford,17.623,16453,6,0.075
E01006203,11,Trafford,4.458,31048,10,0.027
E01006204,12,Trafford,8.869,25968,8,0.063
E01006205,20,Trafford,4.167,31337,10,0.031
E01006206,12,Trafford,19.759,14574,5,0.148
E01006207,9,Trafford,44.34,3193,1,0.278
E01006208,13,Trafford,16.03,17914,6,0.133
E01006209,15,Trafford,5.667,29841,10,0.036
E01006210,17,Trafford,9.386,25279,8,0.06
E01006211,12,Trafford,25.928,10238,4,0.168
E01006212,3,Wigan,19.872,14456,5,0.097
E01006213,44,Wigan,52.268,1834,1,0.287
E01006214,21,Wigan,39.323,4477,2,0.205
E01006215,24,Wigan,54.815,1489,1,0.313
E01006216,8,Wigan,16.455,17504,6,0.094
E01006217,33,Wigan,29.916,8060,3,0.174
E01006218,44,Wigan,39.471,4434,2,0.259
E01006219,10,Wigan,24.436,11107,4,0.121
E01006220,7,Wigan,31.996,7085,3,0.213
E01006221,14,Wigan,15.434,18515,6,0.089
E01006222,4,Wigan,7.946,27117,9,0.042
E01006223,30,Wigan,23.397,11758,4,0.129
E01006224,3,Wigan,7.873,27223,9,0.048
E01006225,19,Wigan,11.707,22513,7,0.067
E01006226,5,Wigan,16.932,17045,6,0.1
E01006227,3,Wigan,16.399,17563,6,0.11
E01006228,10,Wigan,24.227,11230,4,0.153
E01006229,15,Wigan,8.594,26308,9,0.062
E01006230,10,Wigan,9.809,24747,8,0.058
E01006231,25,Wigan,12.474,21640,7,0.053
E01006232,26,Wigan,9.794,24766,8,0.04
E01006233,16,Wigan,7.601,27559,9,0.03
E01006234,2,Wigan,17.49,16561,6,0.096
E01006235,6,Wigan,33.005,6668,3,0.218
E01006236,17,Wigan,11.642,22597,7,0.06
E01006237,11,Wigan,3.994,31515,10,0.032
E01006238,9,Wigan,34.356,6124,2,0.239
E01006239,21,Wigan,55.565,1397,1,0.323
E01006240,12,Wigan,66.046,458,1,0.406
E01006241,22,Wigan,44.002,3257,1,0.257
E01006242,14,Wigan,22.267,12555,4,0.113
E01006243,12,Wigan,11.129,23185,8,0.05
E01006244,16,Wigan,43.301,3398,2,0.221
E01006245,11,Wigan,14.546,19401,6,0.093
E01006246,17,Wigan,32.663,6810,3,0.183
E01006247,14,Wigan,17.714,16385,5,0.084
E01006248,48,Wigan,73.622,135,1,0.406
E01006249,15,Wigan,46.158,2825,1,0.28
E01006250,13,Wigan,7.469,27723,9,0.052
E01006251,13,Wigan,12.717,21364,7,0.048
E01006252,17,Wigan,11.736,22479,7,0.05
E01006253,21,Wigan,33.95,6286,2,0.184
E01006254,29,Wigan,41.997,3721,2,0.256
E01006255,12,Wigan,14.172,19768,7,0.069
E01006256,19,Wigan,20.539,13906,5,0.105
E01006257,11,Wigan,14.797,19129,6,0.069
E01006258,25,Wigan,19.231,15060,5,0.112
E01006259,8,Wigan,14.566,19381,6,0.096
E01006260,9,Wigan,32.975,6683,3,0.237
E01006261,2,Wigan,22.253,12567,4,0.162
E01006262,44,Wigan,39.295,4485,2,0.214
E01006263,10,Wigan,9.206,25521,8,0.059
E01006264,8,Wigan,5.914,29558,9,0.027
E01006265,17,Wigan,21.423,13228,5,0.107
E01006266,10,Wigan,14.139,19797,7,0.074
E01006267,10,Wigan,45.616,2930,1,0.277
E01006268,16,Wigan,18.118,16038,5,0.11
E01006269,30,Wigan,23.502,11689,4,0.129
E01006270,7,Wigan,44.762,3107,1,0.275
E01006271,12,Wigan,16.115,17831,6,0.082
E01006272,41,Wigan,27.299,9414,3,0.13
E01006273,4,Wigan,30.286,7896,3,0.201
E01006274,13,Wigan,38.938,4588,2,0.243
E01006275,11,Wigan,55.343,1420,1,0.309
E01006276,12,Wigan,15.744,18202,6,0.093
E01006277,3,Wigan,7.389,27825,9,0.033
E01006278,6,Wigan,24.765,10905,4,0.148
E01006279,8,Wigan,10.624,23748,8,0.063
E01006280,16,Wigan,28.821,8590,3,0.181
E01006281,8,Wigan,10.019,24504,8,0.056
E01006282,18,Wigan,33.156,6606,3,0.208
E01006283,42,Wigan,50.691,2080,1,0.3
E01006284,15,Wigan,36.784,5274,2,0.233
E01006285,5,Wigan,10.365,24061,8,0.063
E01006286,6,Wigan,22.987,12057,4,0.115
E01006287,5,Wigan,12.526,21580,7,0.04
E01006288,13,Wigan,45.054,3049,1,0.295
E01006289,31,Wigan,55.463,1406,1,0.315
E01006290,11,Wigan,11.286,23004,8,0.066
E01006291,5,Wigan,29.599,8200,3,0.149
E01006292,15,Wigan,18.949,15277,5,0.099
E01006293,29,Wigan,28.628,8691,3,0.164
E01006294,15,Wigan,24.084,11332,4,0.13
E01006295,23,Wigan,35.263,5804,2,0.182
E01006296,18,Wigan,49.238,2292,1,0.298
E01006297,22,Wigan,39.155,4520,2,0.248
E01006298,21,Wigan,38.275,4796,2,0.255
E01006299,8,Wigan,11.105,23207,8,0.062
E01006300,1,Wigan,5.871,29605,10,0.036
E01006301,3,Wigan,5.536,29983,10,0.041
E01006302,8,Wigan,11.937,22240,7,0.08
E01006303,1,Wigan,12.745,21335,7,0.062
E01006304,6,Wigan,15.944,18002,6,0.099
E01006305,26,Wigan,47.262,2612,1,0.273
E01006306,28,Wigan,56.245,1319,1,0.302
E01006307,29,Wigan,40.538,4099,2,0.216
E01006308,36,Wigan,43.421,3370,2,0.238
E01006309,20,Wigan,40.461,4128,2,0.218
E01006310,27,Wigan,42.039,3711,2,0.267
E01006311,16,Wigan,35.342,5777,2,0.211
E01006312,5,Wigan,6.356,29042,9,0.049
E01006313,6,Wigan,30.968,7569,3,0.202
E01006314,22,Wigan,7.729,27387,9,0.052
E01006315,7,Wigan,8.975,25824,8,0.042
E01006316,13,Wigan,8.031,27033,9,0.046
E01006317,6,Wigan,12.508,21604,7,0.086
E01006318,9,Wigan,9.483,25146,8,0.06
E01006319,12,Wigan,7.085,28209,9,0.046
E01006320,5,Wigan,8.29,26702,9,0.046
E01006321,5,Wigan,5.282,30242,10,0.046
E01006322,13,Wigan,35.828,5600,2,0.219
E01006323,20,Wigan,42.398,3623,2,0.231
E01006324,17,Wigan,44.517,3157,1,0.245
E01006325,17,Wigan,31.683,7214,3,0.164
E01006326,12,Wigan,48.614,2389,1,0.222
E01006327,9,Wigan,56.431,1296,1,0.353
E01006328,48,Wigan,47.675,2537,1,0.214
E01006329,10,Wigan,38.875,4619,2,0.207
E01006330,11,Wigan,11.032,23301,8,0.058
E01006331,9,Wigan,7.514,27671,9,0.046
E01006332,27,Wigan,24.862,10847,4,0.128
E01006333,85,Wigan,44.35,3190,1,0.227
E01006334,42,Wigan,55.443,1408,1,0.29
E01006335,23,Wigan,27.444,9328,3,0.174
E01006336,36,Wigan,60.951,833,1,0.369
E01006337,9,Wigan,21.472,13197,5,0.094
E01006338,25,Wigan,34.093,6233,2,0.183
E01006339,5,Wigan,10.566,23812,8,0.068
E01006340,7,Wigan,27.654,9220,3,0.172
E01006341,12,Wigan,27.219,9453,3,0.205
E01006342,11,Wigan,34.923,5917,2,0.234
E01006343,1,Wigan,3.775,31694,10,0.03
E01006344,7,Wigan,34.438,6089,2,0.241
E01006345,10,Wigan,10.033,24477,8,0.069
E01006346,25,Wigan,18.718,15478,5,0.122
E01006347,11,Wigan,4.763,30744,10,0.038
E01006348,24,Wigan,8.699,26171,8,0.037
E01006349,133,Wigan,21.139,13448,5,0.101
E01006350,12,Wigan,60.135,908,1,0.363
E01006351,19,Wigan,56.128,1339,1,0.358
E01006352,40,Wigan,35.67,5649,2,0.189
E01006353,24,Wigan,26.815,9692,3,0.149
E01006354,23,Wigan,35.529,5699,2,0.206
E01006355,13,Wigan,20.366,14035,5,0.096
E01006356,6,Wigan,46.751,2700,1,0.254
E01006357,30,Wigan,69.187,300,1,0.384
E01006358,45,Wigan,32.915,6705,3,0.186
E01006359,31,Wigan,36.844,5251,2,0.199
E01006360,23,Wigan,56.249,1318,1,0.307
E01006361,34,Wigan,53.758,1636,1,0.312
E01006362,21,Wigan,9.498,25128,8,0.042
E01006363,11,Wigan,11.41,22848,7,0.062
E01006364,15,Wigan,17.179,16836,6,0.131
E01006365,14,Wigan,7.258,27996,9,0.059
E01006366,10,Wigan,19.617,14699,5,0.113
E01006367,14,Wigan,5.621,29889,10,0.044
E01006368,13,Wigan,10.682,23677,8,0.053
E01006369,84,Wigan,51.259,1991,1,0.273
E01006370,70,Wigan,29.779,8131,3,0.176
E01006371,21,Wigan,20.631,13821,5,0.093
E01006372,16,Wigan,4.598,30903,10,0.022
E01006373,18,Wigan,7.404,27804,9,0.052
E01006374,28,Wigan,7.028,28289,9,0.028
E01006375,23,Wigan,19.912,14421,5,0.09
E01006376,13,Wigan,28.463,8787,3,0.19
E01006377,3,Wigan,6.339,29051,9,0.047
E01006378,8,Wigan,10.058,24445,8,0.053
E01006379,7,Wigan,12.904,21157,7,0.083
E01006380,20,Wigan,33.536,6454,2,0.212
E01006381,7,Wigan,4.232,31277,10,0.033
E01006382,5,Wigan,5.102,30416,10,0.029
E01006383,4,Wigan,10.475,23907,8,0.073
E01006384,1,Wigan,8.568,26338,9,0.043
E01006385,9,Wigan,6.543,28844,9,0.035
E01006386,59,Wigan,75.885,77,1,0.448
E01006387,20,Wigan,24.584,11019,4,0.122
E01006388,23,Wigan,30.343,7874,3,0.166
E01006389,6,Wigan,15.23,18701,6,0.078
E01006390,33,Wigan,21.723,12976,4,0.126
E01006391,20,Wigan,20.484,13948,5,0.119
E01006392,21,Wigan,50.419,2113,1,0.279
E01006393,11,Wigan,8.582,26319,9,0.057
E01006394,13,Wigan,7.06,28244,9,0.039
E01006395,11,Wigan,3.818,31654,10,0.026
E01006396,16,Wigan,13.311,20724,7,0.061
E01006397,8,Wigan,38.116,4834,2,0.198
E01006398,19,Wigan,34.887,5934,2,0.179
E01006399,18,Wigan,26.052,10164,4,0.163
E01006400,11,Wigan,8.582,26320,9,0.043
E01006401,9,Wigan,10.819,23527,8,0.05
E01006402,2,Wigan,7.966,27100,9,0.037
E01006403,17,Wigan,9.145,25605,8,0.057
E01006404,22,Wigan,33.36,6525,2,0.235
E01006405,24,Wigan,41.675,3820,2,0.216
E01006406,13,Wigan,20.851,13664,5,0.08
E01006407,17,Wigan,10.067,24429,8,0.073
E01006408,13,Wigan,33.786,6343,2,0.192
E01006409,8,Wigan,10.686,23668,8,0.073
E01006410,8,Wigan,10.325,24108,8,0.057
E01006411,36,Wigan,67.76,356,1,0.371
E01032556,23,Oldham,20.982,13566,5,0.096
E01032557,20,Oldham,61.526,784,1,0.398
E01032558,6,Oldham,52.51,1801,1,0.339
E01032559,10,Oldham,23.421,11747,4,0.136
E01032684,36,Salford,23.954,11396,4,0.105
E01032685,25,Salford,5.078,30442,10,0.013
E01032686,25,Salford,16.306,17648,6,0.023
E01032687,37,Salford,14.659,19277,6,0.045
E01032906,30,Salford,37.889,4912,2,0.175
E01032907,55,Salford,37.671,4982,2,0.22
E01032909,15,Salford,18.705,15494,5,0.015
E01032911,19,Salford,21.187,13408,5,0.043
E01032912,18,Salford,50.391,2121,1,0.301
E01032914,30,Salford,26.057,10158,4,0.103
E01032915,12,Salford,49.034,2324,1,0.284
E01032917,7,Salford,24.807,10880,4,0.106
E01032919,83,Salford,39.575,4392,2,0.19
E01032920,44,Oldham,48.564,2399,1,0.255
E01032921,35,Oldham,56.555,1275,1,0.334
E01032922,12,Oldham,10.22,24241,8,0.075
E01033217,90,Bolton,55.325,1423,1,0.322
E01033218,11,Bolton,9.732,24841,8,0.061
E01033219,11,Bolton,8.556,26351,9,0.035
E01033220,44,Bolton,66.09,455,1,0.332
E01033258,25,Rochdale,52.776,1754,1,0.359
E01033330,34,Salford,59.775,934,1,0.335
E01033651,32,Manchester,21.186,13409,5,0.034
E01033652,17,Manchester,32.476,6890,3,0.128
E01033653,180,Manchester,29.76,8141,3,0.107
E01033654,31,Manchester,25.732,10345,4,0.007
E01033655,12,Manchester,24.687,10953,4,0.02
E01033656,19,Manchester,21.699,12999,4,0.004
E01033657,20,Manchester,37.974,4880,2,0.17
E01033658,236,Manchester,23.062,12008,4,0.02
E01033659,49,Manchester,24.689,10952,4,0.025
E01033660,3,Manchester,18.977,15257,5,0.01
E01033661,60,Manchester,27.487,9306,3,0.058
E01033662,19,Manchester,28.06,8998,3,0.042
E01033663,16,Manchester,30.223,7926,3,0.089
E01033664,42,Manchester,26.431,9919,4,0.018
E01033665,21,Manchester,35.556,5691,2,0.111
E01033666,62,Manchester,57.513,1165,1,0.297
E01033667,49,Manchester,34.751,5978,2,0.064
E01033668,16,Manchester,35.444,5735,2,0.168
E01033669,38,Manchester,66.139,450,1,0.362
E01033670,12,Manchester,12.181,21961,7,0.02
E01033671,27,Manchester,14.034,19915,7,0.033
E01033672,20,Manchester,59.569,947,1,0.336
E01033673,9,Manchester,16.992,17002,6,0.006
E01033674,63,Manchester,45.729,2903,1,0.207
E01033675,38,Manchester,33.868,6318,2,0.206
E01033676,21,Manchester,70.653,251,1,0.417
E01033677,78,Manchester,21.353,13269,5,0.011
E01033678,24,Manchester,66.044,459,1,0.37
E01033679,13,Manchester,75.863,79,1,0.45
E01033680,4,Manchester,29.158,8433,3,0.186
E01033681,16,Manchester,13.463,20539,7,0.01
E01033682,22,Manchester,15.901,18034,6,0.015
E01033683,28,Manchester,28.426,8808,3,0.008
E01033684,1,Manchester,17.359,16686,6,0.012
E01033685,14,Manchester,24.108,11316,4,0.151
E01033686,13,Manchester,36.582,5347,2,0.237
E01033687,15,Manchester,44.95,3067,1,0.209
E01033688,58,Manchester,70.428,262,1,0.395
